
INSERT INTO Teams(team_id,
                    team_name)
VALUES (0, 'DET');


INSERT INTO Teams(team_id,
                    team_name)
VALUES (1, 'TOR');


INSERT INTO Teams(team_id,
                    team_name)
VALUES (2, 'MIA');


INSERT INTO Teams(team_id,
                    team_name)
VALUES (3, 'LAL');


INSERT INTO Teams(team_id,
                    team_name)
VALUES (4, 'GSW');


INSERT INTO Teams(team_id,
                    team_name)
VALUES (5, 'PHI');


INSERT INTO Teams(team_id,
                    team_name)
VALUES (6, 'CHH');


INSERT INTO Teams(team_id,
                    team_name)
VALUES (7, 'SAC');


INSERT INTO Teams(team_id,
                    team_name)
VALUES (8, 'BOS');


INSERT INTO Teams(team_id,
                    team_name)
VALUES (9, 'HOU');


INSERT INTO Teams(team_id,
                    team_name)
VALUES (10, 'POR');


INSERT INTO Teams(team_id,
                    team_name)
VALUES (11, 'LAC');


INSERT INTO Teams(team_id,
                    team_name)
VALUES (12, 'NYK');


INSERT INTO Teams(team_id,
                    team_name)
VALUES (13, 'CHI');


INSERT INTO Teams(team_id,
                    team_name)
VALUES (14, 'PHX');


INSERT INTO Teams(team_id,
                    team_name)
VALUES (15, 'CLE');


INSERT INTO Colleges(college_id,
		college_name)
VALUES (0, 'Seward County Community College');

INSERT INTO Colleges(college_id,
		college_name)
VALUES (1, 'Louisiana Tech');

INSERT INTO Colleges(college_id,
		college_name)
VALUES (2, 'Old Dominion');

INSERT INTO Colleges(college_id,
		college_name)
VALUES (3, 'Michigan');

INSERT INTO Colleges(college_id,
		college_name)
VALUES (4, 'Georgia Tech');

INSERT INTO Colleges(college_id,
		college_name)
VALUES (5, 'Murray State');

INSERT INTO Colleges(college_id,
		college_name)
VALUES (6, 'Texas Tech');

INSERT INTO Colleges(college_id,
		college_name)
VALUES (7, 'North Carolina-Wilmington');

INSERT INTO Colleges(college_id,
		college_name)
VALUES (8, 'Michigan State');

INSERT INTO Colleges(college_id,
		college_name)
VALUES (9, 'Georgetown');

INSERT INTO Colleges(college_id,
		college_name)
VALUES (10, 'Seton Hall');

INSERT INTO Colleges(college_id,
		college_name)
VALUES (11, 'Washington State');

INSERT INTO Colleges(college_id,
		college_name)
VALUES (12, 'Massachusetts');

INSERT INTO Colleges(college_id,
		college_name)
VALUES (13, 'New Mexico');

INSERT INTO Colleges(college_id,
		college_name)
VALUES (14, 'Long Beach State');

INSERT INTO Colleges(college_id,
		college_name)
VALUES (15, 'Louisiana State');

INSERT INTO Colleges(college_id,
		college_name)
VALUES (16, 'Connecticut');

INSERT INTO Colleges(college_id,
		college_name)
VALUES (17, 'Drexel');

INSERT INTO Colleges(college_id,
		college_name)
VALUES (18, 'Arkansas');

INSERT INTO Colleges(college_id,
		college_name)
VALUES (19, 'Louisville');

INSERT INTO Colleges(college_id,
		college_name)
VALUES (20, 'American International');

INSERT INTO Colleges(college_id,
		college_name)
VALUES (21, 'Providence');

INSERT INTO Players(player_id,
                    player_name,
                    player_family_name,
                    team_id,
                    college_id,
                    age,   
                    player_height,
                    player_weight,
                    country,
                    pts,
                    reb,
                    ast)
VALUES (0, 'Travis','Knight' ,3, 16,
 22.0, 213.0, 107.0, 'USA', 4.8,
  4.5, 0.5);


INSERT INTO Players(player_id,
                    player_name,
                    player_family_name,
                    team_id,
                    college_id,
                    age,   
                    player_height,
                    player_weight,
                    country,
                    pts,
                    reb,
                    ast)
VALUES (1, 'Matt','Fish' ,2, 7,
 27.0, 211.0, 107.0, 'USA', 0.3,
  0.8, 0.0);


INSERT INTO Players(player_id,
                    player_name,
                    player_family_name,
                    team_id,
                    college_id,
                    age,   
                    player_height,
                    player_weight,
                    country,
                    pts,
                    reb,
                    ast)
VALUES (5, 'Martin','Lewis' ,1, 0,
 22.0, 198.0, 102.0, 'USA', 1.6,
  0.7, 0.4);


INSERT INTO Players(player_id,
                    player_name,
                    player_family_name,
                    team_id,
                    college_id,
                    age,   
                    player_height,
                    player_weight,
                    country,
                    pts,
                    reb,
                    ast)
VALUES (6, 'Mark','West' ,15, 2,
 36.0, 208.0, 112.0, 'USA', 3.2,
  2.7, 0.3);


INSERT INTO Players(player_id,
                    player_name,
                    player_family_name,
                    team_id,
                    college_id,
                    age,   
                    player_height,
                    player_weight,
                    country,
                    pts,
                    reb,
                    ast)
VALUES (8, 'Mark','Price' ,4, 4,
 33.0, 183.0, 82.0, 'USA', 11.3,
  2.6, 4.9);


INSERT INTO Players(player_id,
                    player_name,
                    player_family_name,
                    team_id,
                    college_id,
                    age,   
                    player_height,
                    player_weight,
                    country,
                    pts,
                    reb,
                    ast)
VALUES (10, 'Mark','Hendrickson' ,5, 11,
 23.0, 206.0, 100.0, 'USA', 2.9,
  3.2, 0.1);


INSERT INTO Players(player_id,
                    player_name,
                    player_family_name,
                    team_id,
                    college_id,
                    age,   
                    player_height,
                    player_weight,
                    country,
                    pts,
                    reb,
                    ast)
VALUES (11, 'Mark','Davis' ,5, 6,
 24.0, 201.0, 95.0, 'USA', 8.5,
  4.3, 1.8);


INSERT INTO Players(player_id,
                    player_name,
                    player_family_name,
                    team_id,
                    college_id,
                    age,   
                    player_height,
                    player_weight,
                    country,
                    pts,
                    reb,
                    ast)
VALUES (12, 'Mark','Bryant' ,14, 10,
 32.0, 206.0, 111.0, 'USA', 9.3,
  5.2, 1.1);


INSERT INTO Players(player_id,
                    player_name,
                    player_family_name,
                    team_id,
                    college_id,
                    age,   
                    player_height,
                    player_weight,
                    country,
                    pts,
                    reb,
                    ast)
VALUES (14, 'Mario','Elie' ,9, 20,
 33.0, 196.0, 95.0, 'USA', 11.7,
  3.0, 4.0);


INSERT INTO Players(player_id,
                    player_name,
                    player_family_name,
                    team_id,
                    college_id,
                    age,   
                    player_height,
                    player_weight,
                    country,
                    pts,
                    reb,
                    ast)
VALUES (15, 'Marcus','Camby' ,1, 12,
 23.0, 211.0, 100.0, 'USA', 14.8,
  6.3, 1.5);


INSERT INTO Players(player_id,
                    player_name,
                    player_family_name,
                    team_id,
                    college_id,
                    age,   
                    player_height,
                    player_weight,
                    country,
                    pts,
                    reb,
                    ast)
VALUES (16, 'Marcus','Brown' ,10, 5,
 23.0, 190.0, 84.0, 'USA', 3.9,
  0.7, 1.0);


INSERT INTO Players(player_id,
                    player_name,
                    player_family_name,
                    team_id,
                    college_id,
                    age,   
                    player_height,
                    player_weight,
                    country,
                    pts,
                    reb,
                    ast)
VALUES (18, 'Malik','Rose' ,6, 17,
 22.0, 201.0, 113.0, 'USA', 3.0,
  3.0, 0.6);


INSERT INTO Players(player_id,
                    player_name,
                    player_family_name,
                    team_id,
                    college_id,
                    age,   
                    player_height,
                    player_weight,
                    country,
                    pts,
                    reb,
                    ast)
VALUES (19, 'Mahmoud','Abdul-Rauf' ,7, 15,
 28.0, 185.0, 73.0, 'USA', 13.7,
  1.6, 2.5);


INSERT INTO Players(player_id,
                    player_name,
                    player_family_name,
                    team_id,
                    college_id,
                    age,   
                    player_height,
                    player_weight,
                    country,
                    pts,
                    reb,
                    ast)
VALUES (20, 'Lucious','Harris' ,5, 14,
 26.0, 196.0, 93.0, 'USA', 5.4,
  1.3, 0.9);


INSERT INTO Players(player_id,
                    player_name,
                    player_family_name,
                    team_id,
                    college_id,
                    age,   
                    player_height,
                    player_weight,
                    country,
                    pts,
                    reb,
                    ast)
VALUES (21, 'Luc','Longley' ,13, 13,
 28.0, 218.0, 132.0, 'USA', 9.1,
  5.6, 2.4);


INSERT INTO Players(player_id,
                    player_name,
                    player_family_name,
                    team_id,
                    college_id,
                    age,   
                    player_height,
                    player_weight,
                    country,
                    pts,
                    reb,
                    ast)
VALUES (22, 'Loy','Vaught' ,11, 3,
 29.0, 206.0, 109.0, 'USA', 14.9,
  10.0, 1.3);


INSERT INTO Players(player_id,
                    player_name,
                    player_family_name,
                    team_id,
                    college_id,
                    age,   
                    player_height,
                    player_weight,
                    country,
                    pts,
                    reb,
                    ast)
VALUES (23, 'Lou','Roe' ,4, 12,
 24.0, 201.0, 100.0, 'USA', 2.4,
  0.8, 0.4);


INSERT INTO Players(player_id,
                    player_name,
                    player_family_name,
                    team_id,
                    college_id,
                    age,   
                    player_height,
                    player_weight,
                    country,
                    pts,
                    reb,
                    ast)
VALUES (24, 'Matt','Geiger' ,6, 4,
 27.0, 216.0, 111.0, 'USA', 8.9,
  5.3, 0.8);


INSERT INTO Players(player_id,
                    player_name,
                    player_family_name,
                    team_id,
                    college_id,
                    age,   
                    player_height,
                    player_weight,
                    country,
                    pts,
                    reb,
                    ast)
VALUES (26, 'Matt','Steigenga' ,13, 8,
 27.0, 201.0, 102.0, 'USA', 1.5,
  1.5, 1.0);


INSERT INTO Players(player_id,
                    player_name,
                    player_family_name,
                    team_id,
                    college_id,
                    age,   
                    player_height,
                    player_weight,
                    country,
                    pts,
                    reb,
                    ast)
VALUES (28, 'Pervis','Ellison' ,8, 19,
 30.0, 206.0, 95.0, 'USA', 2.5,
  4.3, 0.7);


INSERT INTO Players(player_id,
                    player_name,
                    player_family_name,
                    team_id,
                    college_id,
                    age,   
                    player_height,
                    player_weight,
                    country,
                    pts,
                    reb,
                    ast)
VALUES (29, 'Patrick','Ewing' ,12, 9,
 34.0, 213.0, 109.0, 'Jamaica', 22.4,
  10.7, 2.0);


INSERT INTO Players(player_id,
                    player_name,
                    player_family_name,
                    team_id,
                    college_id,
                    age,   
                    player_height,
                    player_weight,
                    country,
                    pts,
                    reb,
                    ast)
VALUES (30, 'P.J.','Brown' ,2, 1,
 27.0, 211.0, 109.0, 'USA', 9.5,
  8.4, 1.2);


INSERT INTO Players(player_id,
                    player_name,
                    player_family_name,
                    team_id,
                    college_id,
                    age,   
                    player_height,
                    player_weight,
                    country,
                    pts,
                    reb,
                    ast)
VALUES (31, 'Otis','Thorpe' ,0, 21,
 34.0, 208.0, 112.0, 'USA', 13.1,
  7.9, 1.7);


INSERT INTO Players(player_id,
                    player_name,
                    player_family_name,
                    team_id,
                    college_id,
                    age,   
                    player_height,
                    player_weight,
                    country,
                    pts,
                    reb,
                    ast)
VALUES (32, 'Othella','Harrington' ,9, 9,
 23.0, 206.0, 107.0, 'USA', 4.8,
  3.5, 0.3);


INSERT INTO Players(player_id,
                    player_name,
                    player_family_name,
                    team_id,
                    college_id,
                    age,   
                    player_height,
                    player_weight,
                    country,
                    pts,
                    reb,
                    ast)
VALUES (33, 'Oliver','Miller' ,1, 18,
 27.0, 206.0, 141.0, 'USA', 4.8,
  5.0, 1.4);

